threshold,tp,fp,fn,tn,precision,recall,f1,iou,dice
0.2,914969,743202,139199,1348358,0.5517941153234465,0.8679536848016552,0.6746715610072377,0.5090599041933463,0.6746715657592924
0.25,882822,687871,171346,1403689,0.5620589128492929,0.8374585455069701,0.6726618999573293,0.5067751066422709,0.6726619047637165
0.3,848981,639861,205187,1451699,0.5702290773634773,0.8053564517230574,0.667697723428704,0.5011608419926666,0.6676977282826232
0.35,813526,594494,240642,1497066,0.5777801451683884,0.771723292681994,0.6608154974125919,0.4934462006160117,0.6608155023093255
0.4,775956,551530,278212,1540030,0.5845304583249799,0.7360838120678987,0.6516110183295083,0.4832515205225361,0.6516110232636619
0.45,735458,508450,318710,1583110,0.5912479057936713,0.6976667855597903,0.640064118239752,0.470657575939862,0.6400641232056702
0.5,692494,466110,361674,1625450,0.5976968834908165,0.6569104734729126,0.6259063242669253,0.4555048484553453,0.6259063292557904
0.55,645005,421973,409163,1669587,0.604515744467078,0.6118616766966877,0.6081665238482616,0.4369535159581609,0.6081665288480822
0.6,592461,376522,461707,1715038,0.6114255874458002,0.5620176290686061,0.5856814394487446,0.41410857698033526,0.5856814444398832
0.65,531850,328549,522318,1763011,0.6181434427515534,0.5045211010009741,0.5555825366911727,0.38464125341627836,0.5555825416399606
0.7,463530,276920,590638,1814640,0.6260112093996809,0.43971169680733585,0.5165778964108828,0.3482339259312656,0.5165779012580921
0.75,384623,222437,669545,1869123,0.6335831713504326,0.364859301363726,0.4630586483586424,0.30128583234437983,0.46305865299645527
0.8,292156,163730,762012,1927830,0.640853195755065,0.2771436810830885,0.3869477473222257,0.23988544196640244,0.38694775153735966
